{"10":[{"vectorIOPair":{"i":{"dataPoints":[-1.7974761382217659,-0.2582206670472706,0.7424866433937097,0.2117030302530909,-0.5714925955881416,-0.04025740104973915,-0.03741460285248431,0.44030623009913067,-0.5279075273922352,-0.08742761011263056]},"o":{"dataPoints":[0.6322295628299197,0.7638357487322258,0.009230201223462657,-0.09962188039715693,0.3973561412568255,0.6302841005201574,0.6787474021627642,-0.4260204679730461,0.10252172274915798,0.10493935630486056]}},"similarity":0.8764395651260105},{"vectorIOPair":{"i":{"dataPoints":[-2.9397161461255292,-0.6074485604140724,1.3090852023742445,0.9891743672971197,-0.651632963584224,0.0,-0.05219388031766883,-0.06472702392590612,-0.3488886862747026,0.35447994633447916]},"o":{"dataPoints":[-0.7279484602984851,0.178447274819259,0.0,0.20730784886365977,-0.4460878449666531,-0.23205590437660248,-0.011001440183891237,-0.6940050331301643,0.2613847762417904,0.0]}},"similarity":0.8632293148178882},{"vectorIOPair":{"i":{"dataPoints":[-2.6207625277417166,0.04263112990416767,-0.015277707307785687,0.13884844149964423,0.2591074343536639,0.12013702408523746,-0.6815682513407396,0.18175600329584796,-0.01848561927022627,-0.14742479705875058]},"o":{"dataPoints":[-0.4450899915080569,0.1755398826604245,-1.2309003130347904,-0.017995169369798093,0.43338733172859867,-0.021697819370376042,0.035008734680273206,-0.040427950575615504,-0.3295721876550322,-0.5817775524425601]}},"similarity":0.8391898356020736}]}
